ID_Venda;Data;ID_Produto;Quantidade; Preco_Unitario ; Receita_Total ;ID_Cliente;ID_Pagamento;;;
V00001;2025-09-13;P001;100; R$ 0.80 ; R$ 80.00 ;C001;FP03;;;
V00002;2025-09-27;P001;50; R$ 0.80 ; R$ 40.00 ;C015;FP02;;;
V00003;2025-09-09;P001;50; R$ 0.80 ; R$ 40.00 ;C017;FP04;;;
V00004;2025-09-23;P001;25; R$ 0.80 ; R$ 20.00 ;C006;FP02;;;
V00005;2025-09-25;P002;50; R$ 0.80 ; R$ 40.00 ;C016;FP04;;;
V00006;2025-09-29;P002;125; R$ 0.80 ; R$ 100.00 ;C002;FP01;;;
V00007;2025-09-17;P002;100; R$ 0.80 ; R$ 80.00 ;C008;FP04;;;
V00008;2025-09-06;P003;125; R$ 0.80 ; R$ 100.00 ;C016;FP01;;;
V00009;2025-09-11;P003;50; R$ 0.80 ; R$ 40.00 ;C012;FP03;;;
V00010;2025-09-03;P003;50; R$ 0.80 ; R$ 40.00 ;C011;FP03;;;
V00011;2025-09-21;P003;25; R$ 0.80 ; R$ 20.00 ;C020;FP03;;;
V00012;2025-09-01;P004;50; R$ 0.80 ; R$ 40.00 ;C012;FP02;;;
V00013;2025-09-14;P004;25; R$ 0.80 ; R$ 20.00 ;C007;FP02;;;
V00014;2025-09-20;P004;100; R$ 0.80 ; R$ 80.00 ;C007;FP02;;;
V00015;2025-09-16;P004;100; R$ 0.80 ; R$ 80.00 ;C003;FP02;;;
V00016;2025-09-18;P005;50; R$ 0.80 ; R$ 40.00 ;C012;FP03;;;
V00017;2025-09-22;P005;75; R$ 0.80 ; R$ 60.00 ;C013;FP01;;;
V00018;2025-09-07;P005;75; R$ 0.80 ; R$ 60.00 ;C007;FP04;;;
V00019;2025-09-13;P005;50; R$ 0.80 ; R$ 40.00 ;C001;FP03;;;
V00020;2025-09-19;P006;125; R$ 0.80 ; R$ 100.00 ;C020;FP04;;;
V00021;2025-09-11;P006;25; R$ 0.80 ; R$ 20.00 ;C005;FP03;;;
V00022;2025-09-19;P006;75; R$ 0.80 ; R$ 60.00 ;C011;FP04;;;
V00023;2025-09-04;P006;75; R$ 0.80 ; R$ 60.00 ;C013;FP02;;;
V00024;2025-09-17;P007;75; R$ 0.80 ; R$ 60.00 ;C007;FP01;;;
V00025;2025-09-29;P007;100; R$ 0.80 ; R$ 80.00 ;C013;FP03;;;
V00026;2025-09-09;P007;100; R$ 0.80 ; R$ 80.00 ;C006;FP02;;;
V00027;2025-09-09;P008;125; R$ 0.80 ; R$ 100.00 ;C008;FP01;;;
V00028;2025-09-26;P008;75; R$ 0.80 ; R$ 60.00 ;C011;FP02;;;
V00029;2025-09-12;P008;125; R$ 0.80 ; R$ 100.00 ;C020;FP01;;;
V00030;2025-09-19;P009;75; R$ 0.80 ; R$ 60.00 ;C014;FP02;;;
V00031;2025-09-22;P009;50; R$ 0.80 ; R$ 40.00 ;C001;FP04;;;
V00032;2025-09-11;P009;100; R$ 0.80 ; R$ 80.00 ;C011;FP02;;;
V00033;2025-09-09;P010;75; R$ 0.80 ; R$ 60.00 ;C008;FP03;;;
V00034;2025-09-01;P010;75; R$ 0.80 ; R$ 60.00 ;C002;FP04;;;
V00035;2025-09-10;P010;50; R$ 0.80 ; R$ 40.00 ;C004;FP03;;;
V00036;2025-09-20;P011;125; R$ 0.80 ; R$ 100.00 ;C017;FP02;;;
V00037;2025-09-08;P011;125; R$ 0.80 ; R$ 100.00 ;C009;FP04;;;
V00038;2025-09-21;P011;75; R$ 0.80 ; R$ 60.00 ;C005;FP01;;;
V00039;2025-09-14;P011;75; R$ 0.80 ; R$ 60.00 ;C012;FP04;;;
V00040;2025-09-20;P012;75; R$ 0.80 ; R$ 60.00 ;C002;FP01;;;
V00041;2025-09-17;P012;50; R$ 0.80 ; R$ 40.00 ;C007;FP03;;;
V00042;2025-09-19;P012;100; R$ 0.80 ; R$ 80.00 ;C010;FP04;;;
V00043;2025-09-21;P012;125; R$ 0.80 ; R$ 100.00 ;C015;FP03;;;
V00044;2025-09-17;P013;125; R$ 0.80 ; R$ 100.00 ;C013;FP04;;;
V00045;2025-09-22;P013;125; R$ 0.80 ; R$ 100.00 ;C005;FP04;;;
V00046;2025-09-25;P013;100; R$ 0.80 ; R$ 80.00 ;C009;FP04;;;
V00047;2025-09-22;P013;100; R$ 0.80 ; R$ 80.00 ;C005;FP01;;;
V00048;2025-09-04;P014;50; R$ 0.80 ; R$ 40.00 ;C011;FP04;;;
V00049;2025-09-05;P014;125; R$ 0.80 ; R$ 100.00 ;C020;FP04;;;
V00050;2025-09-04;P014;75; R$ 0.80 ; R$ 60.00 ;C012;FP02;;;
V00051;2025-09-06;P014;25; R$ 0.80 ; R$ 20.00 ;C001;FP02;;;
V00052;2025-09-03;P015;100; R$ 0.80 ; R$ 80.00 ;C011;FP04;;;
V00053;2025-09-26;P015;25; R$ 0.80 ; R$ 20.00 ;C008;FP02;;;
V00054;2025-09-19;P015;125; R$ 0.80 ; R$ 100.00 ;C005;FP03;;;
V00055;2025-09-15;P015;25; R$ 0.80 ; R$ 20.00 ;C018;FP01;;;
V00056;2025-09-13;P016;25; R$ 0.80 ; R$ 20.00 ;C020;FP01;;;
V00057;2025-09-15;P016;25; R$ 0.80 ; R$ 20.00 ;C009;FP03;;;
V00058;2025-09-17;P016;125; R$ 0.80 ; R$ 100.00 ;C020;FP02;;;
V00059;2025-09-16;P016;125; R$ 0.80 ; R$ 100.00 ;C008;FP04;;;
V00060;2025-09-26;P017;50; R$ 0.80 ; R$ 40.00 ;C014;FP01;;;
V00061;2025-09-23;P017;50; R$ 0.80 ; R$ 40.00 ;C014;FP01;;;
V00062;2025-09-20;P017;50; R$ 0.80 ; R$ 40.00 ;C010;FP01;;;
V00063;2025-09-10;P018;100; R$ 0.80 ; R$ 80.00 ;C017;FP02;;;
V00064;2025-09-01;P018;25; R$ 0.80 ; R$ 20.00 ;C003;FP01;;;
V00065;2025-09-16;P018;125; R$ 0.80 ; R$ 100.00 ;C008;FP01;;;
V00066;2025-09-05;P019;100; R$ 0.80 ; R$ 80.00 ;C016;FP03;;;
V00067;2025-09-25;P019;50; R$ 0.80 ; R$ 40.00 ;C009;FP03;;;
V00068;2025-09-11;P019;25; R$ 0.80 ; R$ 20.00 ;C011;FP02;;;
V00069;2025-09-08;P019;100; R$ 0.80 ; R$ 80.00 ;C006;FP04;;;
V00070;2025-09-10;P020;25; R$ 0.80 ; R$ 20.00 ;C003;FP01;;;
V00071;2025-09-27;P020;125; R$ 0.80 ; R$ 100.00 ;C015;FP03;;;
V00072;2025-09-22;P020;125; R$ 0.80 ; R$ 100.00 ;C001;FP02;;;
V00073;2025-09-18;P021;25; R$ 0.80 ; R$ 20.00 ;C005;FP03;;;
V00074;2025-09-04;P021;25; R$ 0.80 ; R$ 20.00 ;C002;FP02;;;
V00075;2025-09-21;P021;50; R$ 0.80 ; R$ 40.00 ;C020;FP02;;;
V00076;2025-09-15;P022;125; R$ 0.80 ; R$ 100.00 ;C003;FP01;;;
V00077;2025-09-20;P022;50; R$ 0.80 ; R$ 40.00 ;C005;FP03;;;
V00078;2025-09-05;P022;100; R$ 0.80 ; R$ 80.00 ;C016;FP02;;;
V00079;2025-09-07;P023;100; R$ 0.80 ; R$ 80.00 ;C019;FP01;;;
V00080;2025-09-17;P023;100; R$ 0.80 ; R$ 80.00 ;C019;FP04;;;
V00081;2025-09-20;P023;25; R$ 0.80 ; R$ 20.00 ;C015;FP03;;;
V00082;2025-09-11;P023;125; R$ 0.80 ; R$ 100.00 ;C003;FP03;;;
V00083;2025-09-29;P024;125; R$ 0.80 ; R$ 100.00 ;C006;FP01;;;
V00084;2025-09-12;P024;50; R$ 0.80 ; R$ 40.00 ;C002;FP02;;;
V00085;2025-09-26;P024;100; R$ 0.80 ; R$ 80.00 ;C018;FP02;;;
V00086;2025-09-08;P024;75; R$ 0.80 ; R$ 60.00 ;C018;FP03;;;
V00087;2025-09-14;P025;50; R$ 0.80 ; R$ 40.00 ;C003;FP03;;;
V00088;2025-09-30;P025;25; R$ 0.80 ; R$ 20.00 ;C010;FP04;;;
V00089;2025-09-09;P025;100; R$ 0.80 ; R$ 80.00 ;C014;FP04;;;
V00090;2025-09-07;P026;75; R$ 0.70 ; R$ 52.50 ;C018;FP04;;;
V00091;2025-09-20;P026;25; R$ 0.70 ; R$ 17.50 ;C014;FP03;;;
V00092;2025-09-24;P026;25; R$ 0.70 ; R$ 17.50 ;C007;FP03;;;
V00093;2025-09-10;P026;25; R$ 0.70 ; R$ 17.50 ;C016;FP02;;;
V00094;2025-09-20;P027;50; R$ 0.70 ; R$ 35.00 ;C013;FP02;;;
V00095;2025-09-03;P027;100; R$ 0.70 ; R$ 70.00 ;C006;FP04;;;
V00096;2025-09-03;P027;25; R$ 0.70 ; R$ 17.50 ;C010;FP02;;;
V00097;2025-09-27;P028;75; R$ 0.70 ; R$ 52.50 ;C016;FP04;;;
V00098;2025-09-08;P028;25; R$ 0.70 ; R$ 17.50 ;C003;FP03;;;
V00099;2025-09-18;P028;50; R$ 0.70 ; R$ 35.00 ;C003;FP02;;;
V00100;2025-09-26;P028;75; R$ 0.70 ; R$ 52.50 ;C013;FP03;;;
V00101;2025-09-16;P029;75; R$ 0.70 ; R$ 52.50 ;C012;FP01;;;
V00102;2025-09-14;P029;50; R$ 0.70 ; R$ 35.00 ;C007;FP02;;;
V00103;2025-09-10;P029;75; R$ 0.70 ; R$ 52.50 ;C002;FP04;;;
V00104;2025-09-07;P030;100; R$ 0.70 ; R$ 70.00 ;C008;FP02;;;
V00105;2025-09-12;P030;50; R$ 0.70 ; R$ 35.00 ;C012;FP02;;;
V00106;2025-09-07;P030;50; R$ 0.70 ; R$ 35.00 ;C012;FP04;;;
V00107;2025-09-07;P030;50; R$ 0.70 ; R$ 35.00 ;C019;FP02;;;
V00108;2025-09-29;P031;125; R$ 0.70 ; R$ 87.50 ;C019;FP01;;;
V00109;2025-09-15;P031;125; R$ 0.70 ; R$ 87.50 ;C005;FP02;;;
V00110;2025-09-16;P031;125; R$ 0.70 ; R$ 87.50 ;C013;FP01;;;
V00111;2025-09-30;P032;25; R$ 0.70 ; R$ 17.50 ;C012;FP01;;;
V00112;2025-09-12;P032;100; R$ 0.70 ; R$ 70.00 ;C015;FP04;;;
V00113;2025-09-09;P032;50; R$ 0.70 ; R$ 35.00 ;C011;FP03;;;
V00114;2025-09-25;P032;125; R$ 0.70 ; R$ 87.50 ;C014;FP04;;;
V00115;2025-09-10;P033;125; R$ 0.70 ; R$ 87.50 ;C018;FP01;;;
V00116;2025-09-07;P033;75; R$ 0.70 ; R$ 52.50 ;C001;FP03;;;
V00117;2025-09-21;P033;75; R$ 0.70 ; R$ 52.50 ;C002;FP01;;;
V00118;2025-09-13;P034;100; R$ 0.70 ; R$ 70.00 ;C003;FP04;;;
V00119;2025-09-05;P034;75; R$ 0.70 ; R$ 52.50 ;C012;FP03;;;
V00120;2025-09-08;P034;75; R$ 0.70 ; R$ 52.50 ;C005;FP01;;;
V00121;2025-09-22;P035;100; R$ 0.70 ; R$ 70.00 ;C004;FP03;;;
V00122;2025-09-18;P035;75; R$ 0.70 ; R$ 52.50 ;C011;FP01;;;
V00123;2025-09-26;P035;100; R$ 0.70 ; R$ 70.00 ;C009;FP02;;;
V00124;2025-09-13;P036;50; R$ 0.70 ; R$ 35.00 ;C003;FP04;;;
V00125;2025-09-16;P036;25; R$ 0.70 ; R$ 17.50 ;C020;FP02;;;
V00126;2025-09-11;P036;25; R$ 0.70 ; R$ 17.50 ;C020;FP04;;;
V00127;2025-09-09;P037;50; R$ 1.15 ; R$ 57.50 ;C003;FP02;;;
V00128;2025-09-03;P037;100; R$ 1.15 ; R$ 115.00 ;C020;FP01;;;
V00129;2025-09-02;P037;150; R$ 1.15 ; R$ 172.50 ;C005;FP01;;;
V00130;2025-09-28;P038;200; R$ 1.15 ; R$ 230.00 ;C002;FP01;;;
V00131;2025-09-18;P038;200; R$ 1.15 ; R$ 230.00 ;C020;FP03;;;
V00132;2025-09-08;P038;250; R$ 1.15 ; R$ 287.50 ;C016;FP02;;;
V00133;2025-09-11;P039;250; R$ 1.20 ; R$ 300.00 ;C014;FP02;;;
V00134;2025-09-15;P039;200; R$ 1.20 ; R$ 240.00 ;C019;FP04;;;
V00135;2025-09-16;P039;150; R$ 1.20 ; R$ 180.00 ;C018;FP01;;;
V00136;2025-09-22;P039;50; R$ 1.20 ; R$ 60.00 ;C019;FP03;;;
V00137;2025-09-27;P040;200; R$ 1.20 ; R$ 240.00 ;C002;FP03;;;
V00138;2025-09-21;P040;50; R$ 1.20 ; R$ 60.00 ;C005;FP01;;;
V00139;2025-09-24;P040;200; R$ 1.20 ; R$ 240.00 ;C017;FP04;;;
V00140;2025-09-06;P040;50; R$ 1.20 ; R$ 60.00 ;C014;FP01;;;
V00141;2025-09-13;P041;100; R$ 0.95 ; R$ 95.00 ;C005;FP01;;;
V00142;2025-09-18;P041;200; R$ 0.95 ; R$ 190.00 ;C019;FP01;;;
V00143;2025-09-18;P041;200; R$ 0.95 ; R$ 190.00 ;C013;FP02;;;
V00144;2025-09-11;P042;100; R$ 1.20 ; R$ 120.00 ;C003;FP02;;;
V00145;2025-09-27;P042;250; R$ 1.20 ; R$ 300.00 ;C013;FP01;;;
V00146;2025-09-09;P042;150; R$ 1.20 ; R$ 180.00 ;C006;FP01;;;
V00147;2025-09-16;P042;150; R$ 1.20 ; R$ 180.00 ;C003;FP01;;;
V00148;2025-09-06;P043;200; R$ 1.10 ; R$ 220.00 ;C003;FP03;;;
V00149;2025-09-08;P043;200; R$ 1.10 ; R$ 220.00 ;C020;FP03;;;
V00150;2025-09-27;P043;50; R$ 1.10 ; R$ 55.00 ;C006;FP03;;;
V00151;2025-09-28;P043;150; R$ 1.10 ; R$ 165.00 ;C004;FP01;;;
V00152;2025-09-09;P044;200; R$ 1.10 ; R$ 220.00 ;C003;FP04;;;
V00153;2025-09-28;P044;100; R$ 1.10 ; R$ 110.00 ;C008;FP04;;;
V00154;2025-09-20;P044;200; R$ 1.10 ; R$ 220.00 ;C008;FP01;;;
V00155;2025-09-02;P045;200; R$ 0.80 ; R$ 160.00 ;C004;FP03;;;
V00156;2025-09-19;P045;250; R$ 0.80 ; R$ 200.00 ;C017;FP01;;;
V00157;2025-09-11;P045;50; R$ 0.80 ; R$ 40.00 ;C016;FP02;;;
V00158;2025-09-11;P045;250; R$ 0.80 ; R$ 200.00 ;C016;FP01;;;
V00159;2025-09-10;P046;150; R$ 0.80 ; R$ 120.00 ;C016;FP04;;;
V00160;2025-09-15;P046;100; R$ 0.80 ; R$ 80.00 ;C007;FP03;;;
V00161;2025-09-15;P046;200; R$ 0.80 ; R$ 160.00 ;C003;FP03;;;
V00162;2025-09-12;P047;250; R$ 1.10 ; R$ 275.00 ;C003;FP01;;;
V00163;2025-09-09;P047;200; R$ 1.10 ; R$ 220.00 ;C019;FP01;;;
V00164;2025-09-05;P047;100; R$ 1.10 ; R$ 110.00 ;C011;FP04;;;
V00165;2025-09-17;P047;200; R$ 1.10 ; R$ 220.00 ;C020;FP04;;;
V00166;2025-09-13;P048;150; R$ 1.30 ; R$ 195.00 ;C005;FP01;;;
V00167;2025-09-10;P048;250; R$ 1.30 ; R$ 325.00 ;C002;FP04;;;
V00168;2025-09-29;P048;150; R$ 1.30 ; R$ 195.00 ;C019;FP01;;;
V00169;2025-09-02;P049;50; R$ 1.30 ; R$ 65.00 ;C008;FP01;;;
V00170;2025-09-22;P049;50; R$ 1.30 ; R$ 65.00 ;C007;FP02;;;
V00171;2025-09-03;P049;250; R$ 1.30 ; R$ 325.00 ;C015;FP03;;;
V00172;2025-09-04;P050;100; R$ 1.30 ; R$ 130.00 ;C012;FP02;;;
V00173;2025-09-24;P050;150; R$ 1.30 ; R$ 195.00 ;C003;FP02;;;
V00174;2025-09-27;P050;250; R$ 1.30 ; R$ 325.00 ;C003;FP04;;;
V00175;2025-09-19;P050;250; R$ 1.30 ; R$ 325.00 ;C003;FP02;;;
V00176;2025-09-16;P051;200; R$ 1.15 ; R$ 230.00 ;C012;FP03;;;
V00177;2025-09-26;P051;50; R$ 1.15 ; R$ 57.50 ;C006;FP02;;;
V00178;2025-09-26;P051;250; R$ 1.15 ; R$ 287.50 ;C001;FP02;;;
V00179;2025-09-02;P052;100; R$ 1.15 ; R$ 115.00 ;C015;FP03;;;
V00180;2025-09-13;P052;150; R$ 1.15 ; R$ 172.50 ;C018;FP01;;;
V00181;2025-09-22;P052;250; R$ 1.15 ; R$ 287.50 ;C011;FP04;;;
V00182;2025-09-19;P052;200; R$ 1.15 ; R$ 230.00 ;C018;FP01;;;
V00183;2025-09-29;P053;250; R$ 1.15 ; R$ 287.50 ;C016;FP02;;;
V00184;2025-09-13;P053;50; R$ 1.15 ; R$ 57.50 ;C016;FP04;;;
V00185;2025-09-04;P053;250; R$ 1.15 ; R$ 287.50 ;C009;FP03;;;
V00186;2025-09-13;P053;150; R$ 1.15 ; R$ 172.50 ;C013;FP02;;;
V00187;2025-09-14;P054;200; R$ 1.15 ; R$ 230.00 ;C013;FP04;;;
V00188;2025-09-12;P054;100; R$ 1.15 ; R$ 115.00 ;C006;FP04;;;
V00189;2025-09-21;P054;100; R$ 1.15 ; R$ 115.00 ;C006;FP03;;;
V00190;2025-09-06;P055;200; R$ 1.00 ; R$ 200.00 ;C007;FP03;;;
V00191;2025-09-03;P055;250; R$ 1.00 ; R$ 250.00 ;C010;FP02;;;
V00192;2025-09-09;P055;50; R$ 1.00 ; R$ 50.00 ;C001;FP01;;;
V00193;2025-09-01;P056;200; R$ 1.00 ; R$ 200.00 ;C008;FP01;;;
V00194;2025-09-28;P056;100; R$ 1.00 ; R$ 100.00 ;C002;FP04;;;
V00195;2025-09-08;P056;50; R$ 1.00 ; R$ 50.00 ;C019;FP02;;;
V00196;2025-09-16;P057;50; R$ 1.00 ; R$ 50.00 ;C017;FP04;;;
V00197;2025-09-12;P057;250; R$ 1.00 ; R$ 250.00 ;C003;FP02;;;
V00198;2025-09-09;P057;150; R$ 1.00 ; R$ 150.00 ;C016;FP04;;;
V00199;2025-09-17;P058;250; R$ 1.00 ; R$ 250.00 ;C020;FP01;;;
V00200;2025-09-28;P058;200; R$ 1.00 ; R$ 200.00 ;C010;FP02;;;
V00201;2025-09-02;P058;50; R$ 1.00 ; R$ 50.00 ;C013;FP04;;;
V00202;2025-09-12;P058;100; R$ 1.00 ; R$ 100.00 ;C014;FP01;;;
V00203;2025-09-06;P059;150; R$ 1.00 ; R$ 150.00 ;C009;FP01;;;
V00204;2025-09-29;P059;200; R$ 1.00 ; R$ 200.00 ;C019;FP02;;;
V00205;2025-09-18;P059;100; R$ 1.00 ; R$ 100.00 ;C020;FP04;;;
V00206;2025-09-02;P059;250; R$ 1.00 ; R$ 250.00 ;C015;FP04;;;
V00207;2025-09-02;P060;200; R$ 1.00 ; R$ 200.00 ;C013;FP01;;;
V00208;2025-09-01;P060;50; R$ 1.00 ; R$ 50.00 ;C015;FP02;;;
V00209;2025-09-17;P060;200; R$ 1.00 ; R$ 200.00 ;C009;FP03;;;
V00210;2025-09-20;P060;150; R$ 1.00 ; R$ 150.00 ;C015;FP01;;;
V00211;2025-09-14;P061;100; R$ 1.00 ; R$ 100.00 ;C006;FP03;;;
V00212;2025-09-08;P061;50; R$ 1.00 ; R$ 50.00 ;C006;FP02;;;
V00213;2025-09-13;P061;250; R$ 1.00 ; R$ 250.00 ;C007;FP03;;;
V00214;2025-09-05;P062;50; R$ 1.00 ; R$ 50.00 ;C011;FP03;;;
V00215;2025-09-22;P062;100; R$ 1.00 ; R$ 100.00 ;C017;FP04;;;
V00216;2025-09-16;P062;200; R$ 1.00 ; R$ 200.00 ;C007;FP02;;;
V00217;2025-09-21;P063;250; R$ 1.00 ; R$ 250.00 ;C020;FP01;;;
V00218;2025-09-28;P063;200; R$ 1.00 ; R$ 200.00 ;C003;FP04;;;
V00219;2025-09-23;P063;150; R$ 1.00 ; R$ 150.00 ;C003;FP01;;;
V00220;2025-09-27;P063;250; R$ 1.00 ; R$ 250.00 ;C002;FP01;;;
V00221;2025-09-15;P064;50; R$ 1.40 ; R$ 70.00 ;C007;FP04;;;
V00222;2025-09-25;P064;100; R$ 1.40 ; R$ 140.00 ;C015;FP03;;;
V00223;2025-09-29;P064;200; R$ 1.40 ; R$ 280.00 ;C018;FP02;;;
V00224;2025-09-04;P064;50; R$ 1.40 ; R$ 70.00 ;C011;FP01;;;
V00225;2025-09-21;P065;150; R$ 1.40 ; R$ 210.00 ;C002;FP03;;;
V00226;2025-09-13;P065;100; R$ 1.40 ; R$ 140.00 ;C004;FP04;;;
V00227;2025-09-05;P065;100; R$ 1.40 ; R$ 140.00 ;C009;FP04;;;
V00228;2025-09-30;P065;150; R$ 1.40 ; R$ 210.00 ;C012;FP01;;;
V00229;2025-09-30;P066;50; R$ 1.40 ; R$ 70.00 ;C019;FP01;;;
V00230;2025-09-28;P066;200; R$ 1.40 ; R$ 280.00 ;C004;FP03;;;
V00231;2025-09-01;P066;50; R$ 1.40 ; R$ 70.00 ;C018;FP04;;;
V00232;2025-09-22;P067;150; R$ 1.40 ; R$ 210.00 ;C015;FP04;;;
V00233;2025-09-23;P067;250; R$ 1.40 ; R$ 350.00 ;C001;FP01;;;
V00234;2025-09-30;P067;200; R$ 1.40 ; R$ 280.00 ;C012;FP01;;;
V00235;2025-09-03;P067;50; R$ 1.40 ; R$ 70.00 ;C008;FP01;;;
V00236;2025-09-20;P068;100; R$ 1.40 ; R$ 140.00 ;C008;FP03;;;
V00237;2025-09-08;P068;100; R$ 1.40 ; R$ 140.00 ;C013;FP01;;;
V00238;2025-09-17;P068;150; R$ 1.40 ; R$ 210.00 ;C012;FP04;;;
V00239;2025-09-05;P069;150; R$ 1.20 ; R$ 180.00 ;C008;FP04;;;
V00240;2025-09-20;P069;200; R$ 1.20 ; R$ 240.00 ;C019;FP02;;;
V00241;2025-09-20;P069;150; R$ 1.20 ; R$ 180.00 ;C002;FP03;;;
V00242;2025-09-02;P070;50; R$ 1.20 ; R$ 60.00 ;C012;FP01;;;
V00243;2025-09-11;P070;150; R$ 1.20 ; R$ 180.00 ;C009;FP04;;;
V00244;2025-09-14;P070;100; R$ 1.20 ; R$ 120.00 ;C014;FP02;;;
V00245;2025-09-13;P071;150; R$ 1.20 ; R$ 180.00 ;C009;FP03;;;
V00246;2025-09-16;P071;250; R$ 1.20 ; R$ 300.00 ;C014;FP01;;;
V00247;2025-09-27;P071;150; R$ 1.20 ; R$ 180.00 ;C007;FP02;;;
V00248;2025-09-19;P072;100; R$ 1.20 ; R$ 120.00 ;C004;FP01;;;
V00249;2025-09-10;P072;100; R$ 1.20 ; R$ 120.00 ;C005;FP04;;;
V00250;2025-09-21;P072;200; R$ 1.20 ; R$ 240.00 ;C002;FP01;;;
V00251;2025-09-18;P073;200; R$ 1.20 ; R$ 240.00 ;C011;FP03;;;
V00252;2025-09-06;P073;200; R$ 1.20 ; R$ 240.00 ;C014;FP01;;;
V00253;2025-09-03;P073;250; R$ 1.20 ; R$ 300.00 ;C019;FP04;;;
V00254;2025-09-16;P074;250; R$ 1.20 ; R$ 300.00 ;C002;FP04;;;
V00255;2025-09-18;P074;200; R$ 1.20 ; R$ 240.00 ;C005;FP01;;;
V00256;2025-09-03;P074;250; R$ 1.20 ; R$ 300.00 ;C004;FP01;;;
V00257;2025-09-24;P074;250; R$ 1.20 ; R$ 300.00 ;C001;FP04;;;
V00258;2025-09-29;P075;100; R$ 1.20 ; R$ 120.00 ;C020;FP03;;;
V00259;2025-09-17;P075;100; R$ 1.20 ; R$ 120.00 ;C006;FP02;;;
V00260;2025-09-28;P075;100; R$ 1.20 ; R$ 120.00 ;C009;FP03;;;
V00261;2025-09-25;P075;50; R$ 1.20 ; R$ 60.00 ;C009;FP02;;;
V00262;2025-09-22;P076;100; R$ 1.20 ; R$ 120.00 ;C016;FP03;;;
V00263;2025-09-01;P076;150; R$ 1.20 ; R$ 180.00 ;C011;FP01;;;
V00264;2025-09-26;P076;100; R$ 1.20 ; R$ 120.00 ;C010;FP01;;;
V00265;2025-09-27;P076;100; R$ 1.20 ; R$ 120.00 ;C012;FP02;;;
V00266;2025-09-10;P077;250; R$ 1.00 ; R$ 250.00 ;C001;FP04;;;
V00267;2025-09-27;P077;250; R$ 1.00 ; R$ 250.00 ;C006;FP02;;;
V00268;2025-09-21;P077;100; R$ 1.00 ; R$ 100.00 ;C011;FP04;;;
V00269;2025-09-02;P077;50; R$ 1.00 ; R$ 50.00 ;C019;FP01;;;
V00270;2025-09-08;P078;250; R$ 1.00 ; R$ 250.00 ;C019;FP03;;;
V00271;2025-09-13;P078;150; R$ 1.00 ; R$ 150.00 ;C010;FP03;;;
V00272;2025-09-09;P078;150; R$ 1.00 ; R$ 150.00 ;C011;FP03;;;
V00273;2025-09-14;P078;100; R$ 1.00 ; R$ 100.00 ;C001;FP03;;;
V00274;2025-09-30;P079;200; R$ 1.00 ; R$ 200.00 ;C010;FP03;;;
V00275;2025-09-19;P079;100; R$ 1.00 ; R$ 100.00 ;C004;FP01;;;
V00276;2025-09-23;P079;150; R$ 1.00 ; R$ 150.00 ;C008;FP04;;;
V00277;2025-08-01;P062;100; R$ 1.00 ; R$ 100.00 ;C049;FP02;;;
V00278;2025-08-01;P062;200; R$ 1.00 ; R$ 200.00 ;C047;FP02;;;
V00279;2025-08-01;P062;100; R$ 1.00 ; R$ 100.00 ;C021;FP04;;;
V00280;2025-08-01;P063;150; R$ 1.00 ; R$ 150.00 ;C042;FP03;;;
V00281;2025-08-02;P071;150; R$ 1.20 ; R$ 180.00 ;C044;FP01;;;
V00282;2025-08-02;P076;100; R$ 1.20 ; R$ 120.00 ;C023;FP02;;;
V00283;2025-08-02;P076;100; R$ 1.20 ; R$ 120.00 ;C049;FP02;;;
V00284;2025-08-02;P061;250; R$ 1.00 ; R$ 250.00 ;C046;FP02;;;
V00285;2025-08-02;P061;250; R$ 1.00 ; R$ 250.00 ;C044;FP04;;;
V00286;2025-08-02;P062;100; R$ 1.00 ; R$ 100.00 ;C024;FP01;;;
V00287;2025-08-03;P062;100; R$ 1.00 ; R$ 100.00 ;C028;FP04;;;
V00288;2025-08-03;P055;50; R$ 1.00 ; R$ 50.00 ;C029;FP04;;;
V00289;2025-08-05;P071;150; R$ 1.20 ; R$ 180.00 ;C042;FP03;;;
V00290;2025-08-07;P064;100; R$ 1.40 ; R$ 140.00 ;C024;FP02;;;
V00291;2025-08-07;P064;100; R$ 1.40 ; R$ 140.00 ;C047;FP01;;;
V00292;2025-08-07;P067;150; R$ 1.40 ; R$ 210.00 ;C027;FP02;;;
V00293;2025-08-08;P042;250; R$ 1.20 ; R$ 300.00 ;C022;FP03;;;
V00294;2025-08-08;P076;100; R$ 1.20 ; R$ 120.00 ;C028;FP02;;;
V00295;2025-08-08;P076;100; R$ 1.20 ; R$ 120.00 ;C030;FP02;;;
V00296;2025-08-08;P076;100; R$ 1.20 ; R$ 120.00 ;C032;FP02;;;
V00297;2025-08-08;P040;50; R$ 1.20 ; R$ 60.00 ;C045;FP02;;;
V00298;2025-08-09;P042;250; R$ 1.20 ; R$ 300.00 ;C031;FP03;;;
V00299;2025-08-09;P071;150; R$ 1.20 ; R$ 180.00 ;C029;FP02;;;
V00300;2025-08-09;P076;100; R$ 1.20 ; R$ 120.00 ;C033;FP02;;;
V00301;2025-08-09;P076;100; R$ 1.20 ; R$ 120.00 ;C034;FP03;;;
V00302;2025-08-09;P039;200; R$ 1.20 ; R$ 240.00 ;C039;FP03;;;
V00303;2025-08-09;P039;200; R$ 1.20 ; R$ 240.00 ;C036;FP02;;;
V00304;2025-08-09;P039;200; R$ 1.20 ; R$ 240.00 ;C041;FP02;;;
V00305;2025-08-09;P042;250; R$ 1.20 ; R$ 300.00 ;C014;FP04;;;
V00306;2025-08-10;P042;250; R$ 1.20 ; R$ 300.00 ;C016;FP02;;;
V00307;2025-08-10;P076;100; R$ 1.20 ; R$ 120.00 ;C012;FP03;;;
V00308;2025-08-10;P076;100; R$ 1.20 ; R$ 120.00 ;C011;FP03;;;
V00309;2025-08-10;P076;100; R$ 1.20 ; R$ 120.00 ;C037;FP02;;;
V00310;2025-08-10;P040;50; R$ 1.20 ; R$ 60.00 ;C045;FP01;;;
V00311;2025-08-10;P076;100; R$ 1.20 ; R$ 120.00 ;C049;FP02;;;
V00312;2025-08-10;P071;150; R$ 1.20 ; R$ 180.00 ;C018;FP02;;;
V00313;2025-08-13;P076;100; R$ 1.20 ; R$ 120.00 ;C045;FP02;;;
V00314;2025-08-13;P076;100; R$ 1.20 ; R$ 120.00 ;C027;FP03;;;
V00315;2025-08-13;P076;100; R$ 1.20 ; R$ 120.00 ;C023;FP02;;;
V00316;2025-08-14;P064;50; R$ 1.40 ; R$ 70.00 ;C046;FP01;;;
V00317;2025-08-14;P040;50; R$ 1.20 ; R$ 60.00 ;C028;FP04;;;
V00318;2025-08-14;P076;100; R$ 1.20 ; R$ 120.00 ;C011;FP03;;;
V00319;2025-08-14;P076;100; R$ 1.20 ; R$ 120.00 ;C020;FP02;;;
V00320;2025-08-15;P040;50; R$ 1.20 ; R$ 60.00 ;C049;FP02;;;
V00321;2025-08-15;P076;100; R$ 1.20 ; R$ 120.00 ;C032;FP03;;;
V00322;2025-08-15;P071;150; R$ 1.20 ; R$ 180.00 ;C016;FP02;;;
V00323;2025-08-15;P076;100; R$ 1.20 ; R$ 120.00 ;C002;FP03;;;
V00324;2025-08-16;P076;100; R$ 1.20 ; R$ 120.00 ;C008;FP01;;;
V00325;2025-08-16;P064;50; R$ 1.40 ; R$ 70.00 ;C016;FP02;;;
V00326;2025-08-16;P040;50; R$ 1.20 ; R$ 60.00 ;C012;FP03;;;
V00327;2025-08-16;P076;100; R$ 1.20 ; R$ 120.00 ;C011;FP03;;;
V00328;2025-08-16;P076;100; R$ 1.20 ; R$ 120.00 ;C020;FP02;;;
V00329;2025-08-17;P040;50; R$ 1.20 ; R$ 60.00 ;C049;FP02;;;
V00330;2025-08-17;P076;100; R$ 1.20 ; R$ 120.00 ;C014;FP02;;;
V00331;2025-08-17;P076;100; R$ 1.20 ; R$ 120.00 ;C032;FP03;;;
V00332;2025-08-20;P071;150; R$ 1.20 ; R$ 180.00 ;C001;FP02;;;
V00333;2025-08-20;P076;100; R$ 1.20 ; R$ 120.00 ;C028;FP03;;;
V00334;2025-08-21;P077;50; R$ 1.00 ; R$ 50.00 ;C018;FP03;;;
V00335;2025-08-21;P078;250; R$ 1.00 ; R$ 250.00 ;C039;FP02;;;
V00336;2025-08-21;P078;150; R$ 1.00 ; R$ 150.00 ;C024;FP02;;;
V00337;2025-08-21;P078;150; R$ 1.00 ; R$ 150.00 ;C046;FP03;;;
V00338;2025-08-21;P078;100; R$ 1.00 ; R$ 100.00 ;C023;FP02;;;
V00339;2025-08-22;P074;250; R$ 1.20 ; R$ 300.00 ;C049;FP03;;;
V00340;2025-08-22;P074;250; R$ 1.20 ; R$ 300.00 ;C037;FP03;;;
V00341;2025-08-22;P075;100; R$ 1.20 ; R$ 120.00 ;C016;FP02;;;
V00342;2025-08-22;P075;100; R$ 1.20 ; R$ 120.00 ;C036;FP03;;;
V00343;2025-08-22;P075;100; R$ 1.20 ; R$ 120.00 ;C028;FP02;;;
V00344;2025-08-23;P071;150; R$ 1.20 ; R$ 180.00 ;C038;FP04;;;
V00345;2025-08-23;P071;250; R$ 1.20 ; R$ 300.00 ;C045;FP03;;;
V00346;2025-08-23;P071;150; R$ 1.20 ; R$ 180.00 ;C031;FP04;;;
V00347;2025-08-23;P072;100; R$ 1.20 ; R$ 120.00 ;C022;FP02;;;
V00348;2025-08-23;P072;100; R$ 1.20 ; R$ 120.00 ;C038;FP02;;;
V00349;2025-08-23;P072;200; R$ 1.20 ; R$ 240.00 ;C043;FP03;;;
V00350;2025-08-23;P073;200; R$ 1.20 ; R$ 240.00 ;C042;FP02;;;
V00351;2025-08-23;P073;200; R$ 1.20 ; R$ 240.00 ;C027;FP03;;;
V00352;2025-08-23;P073;250; R$ 1.20 ; R$ 300.00 ;C048;FP02;;;
V00353;2025-08-23;P074;250; R$ 1.20 ; R$ 300.00 ;C014;FP03;;;
V00354;2025-08-24;P070;50; R$ 1.20 ; R$ 60.00 ;C032;FP02;;;
V00355;2025-08-24;P070;150; R$ 1.20 ; R$ 180.00 ;C019;FP03;;;
V00356;2025-08-24;P070;100; R$ 1.20 ; R$ 120.00 ;C010;FP02;;;
V00357;2025-08-24;P071;150; R$ 1.20 ; R$ 180.00 ;C011;FP02;;;
V00358;2025-08-24;P071;250; R$ 1.20 ; R$ 300.00 ;C016;FP03;;;
V00359;2025-08-24;P071;150; R$ 1.20 ; R$ 180.00 ;C036;FP04;;;
V00360;2025-08-26;P078;150; R$ 1.00 ; R$ 150.00 ;C028;FP02;;;
V00361;2025-08-26;P078;100; R$ 1.00 ; R$ 100.00 ;C024;FP02;;;
V00362;2025-08-28;P075;50; R$ 1.20 ; R$ 60.00 ;C050;FP02;;;
V00363;2025-08-28;P076;100; R$ 1.20 ; R$ 120.00 ;C033;FP03;;;
V00364;2025-08-29;P062;200; R$ 1.00 ; R$ 200.00 ;C016;FP04;;;
V00365;2025-08-29;P063;250; R$ 1.00 ; R$ 250.00 ;C028;FP02;;;
V00366;2025-08-29;P063;200; R$ 1.00 ; R$ 200.00 ;C043;FP03;;;
V00367;2025-08-29;P063;150; R$ 1.00 ; R$ 150.00 ;C014;FP03;;;
V00368;2025-08-29;P063;250; R$ 1.00 ; R$ 250.00 ;C023;FP02;;;
V00369;2025-08-29;P064;50; R$ 1.40 ; R$ 70.00 ;C035;FP02;;;
V00370;2025-08-29;P064;100; R$ 1.40 ; R$ 140.00 ;C024;FP03;;;
V00371;2025-08-30;P066;50; R$ 1.40 ; R$ 70.00 ;C023;FP02;;;
V00372;2025-08-30;P066;200; R$ 1.40 ; R$ 280.00 ;C049;FP03;;;
V00373;2025-08-30;P066;50; R$ 1.40 ; R$ 70.00 ;C037;FP03;;;
V00374;2025-08-30;P067;150; R$ 1.40 ; R$ 210.00 ;C010;FP02;;;
V00375;2025-08-30;P067;250; R$ 1.40 ; R$ 350.00 ;C046;FP03;;;
V00376;2025-08-30;P067;200; R$ 1.40 ; R$ 280.00 ;C045;FP02;;;
V00377;2025-08-30;P067;50; R$ 1.40 ; R$ 70.00 ;C031;FP02;;;
V00378;2025-08-30;P068;100; R$ 1.40 ; R$ 140.00 ;C019;FP03;;;
V00379;2025-08-30;P068;100; R$ 1.40 ; R$ 140.00 ;C028;FP03;;;
V00380;2025-08-31;P070;50; R$ 1.20 ; R$ 60.00 ;C018;FP02;;;
V00381;2025-08-31;P070;150; R$ 1.20 ; R$ 180.00 ;C007;FP02;;;
V00382;2025-08-31;P070;100; R$ 1.20 ; R$ 120.00 ;C033;FP03;;;
V00383;2025-08-31;P071;150; R$ 1.20 ; R$ 180.00 ;C028;FP02;;;
V00384;2025-07-31;P064;50; R$ 1.40 ; R$ 70.00 ;C022;FP03;;;
V00385;2025-07-31;P064;100; R$ 1.40 ; R$ 140.00 ;C038;FP02;;;
V00386;2025-07-31;P066;50; R$ 1.40 ; R$ 70.00 ;C004;FP03;;;
V00387;2025-07-30;P067;50; R$ 1.40 ; R$ 70.00 ;C033;FP02;;;
V00388;2025-07-30;P070;50; R$ 1.20 ; R$ 60.00 ;C045;FP03;;;
V00389;2025-07-30;P064;100; R$ 1.40 ; R$ 140.00 ;C027;FP03;;;
V00390;2025-07-27;P071;150; R$ 1.20 ; R$ 180.00 ;C023;FP02;;;
V00391;2025-07-27;P078;150; R$ 1.00 ; R$ 150.00 ;C035;FP02;;;
V00392;2025-07-27;P078;100; R$ 1.00 ; R$ 100.00 ;C024;FP02;;;
V00393;2025-07-27;P075;50; R$ 1.20 ; R$ 60.00 ;C019;FP02;;;
V00394;2025-07-26;P072;100; R$ 1.20 ; R$ 120.00 ;C035;FP03;;;
V00395;2025-07-26;P072;100; R$ 1.20 ; R$ 120.00 ;C033;FP03;;;
V00396;2025-07-26;P072;200; R$ 1.20 ; R$ 240.00 ;C041;FP04;;;
V00397;2025-07-26;P073;200; R$ 1.20 ; R$ 240.00 ;C003;FP02;;;
V00398;2025-07-26;P073;200; R$ 1.20 ; R$ 240.00 ;C040;FP02;;;
V00399;2025-07-26;P073;250; R$ 1.20 ; R$ 300.00 ;C016;FP03;;;
V00400;2025-07-26;P074;250; R$ 1.20 ; R$ 300.00 ;C021;FP03;;;
V00401;2025-07-25;P069;200; R$ 1.20 ; R$ 240.00 ;C047;FP02;;;
V00402;2025-07-25;P069;150; R$ 1.20 ; R$ 180.00 ;C050;FP02;;;
V00403;2025-07-25;P070;50; R$ 1.20 ; R$ 60.00 ;C035;FP02;;;
V00404;2025-07-25;P070;150; R$ 1.20 ; R$ 180.00 ;C018;FP03;;;
V00405;2025-07-25;P070;100; R$ 1.20 ; R$ 120.00 ;C007;FP02;;;
V00406;2025-07-25;P071;150; R$ 1.20 ; R$ 180.00 ;C033;FP03;;;
V00407;2025-07-25;P071;250; R$ 1.20 ; R$ 300.00 ;C039;FP02;;;
V00408;2025-07-25;P071;150; R$ 1.20 ; R$ 180.00 ;C010;FP03;;;
V00409;2025-07-25;P072;100; R$ 1.20 ; R$ 120.00 ;C012;FP02;;;
V00410;2025-07-24;P059;100; R$ 1.00 ; R$ 100.00 ;C009;FP02;;;
V00411;2025-07-24;P059;250; R$ 1.00 ; R$ 250.00 ;C049;FP04;;;
V00412;2025-07-24;P060;200; R$ 1.00 ; R$ 200.00 ;C010;FP03;;;
V00413;2025-07-24;P060;50; R$ 1.00 ; R$ 50.00 ;C004;FP03;;;
V00414;2025-07-24;P060;200; R$ 1.00 ; R$ 200.00 ;C008;FP02;;;
V00415;2025-07-24;P060;150; R$ 1.00 ; R$ 150.00 ;C049;FP02;;;
V00416;2025-07-23;P068;100; R$ 1.40 ; R$ 140.00 ;C048;FP03;;;
V00417;2025-07-23;P068;100; R$ 1.40 ; R$ 140.00 ;C006;FP02;;;
V00418;2025-07-23;P070;50; R$ 1.20 ; R$ 60.00 ;C003;FP03;;;
V00419;2025-07-20;P069;150; R$ 1.20 ; R$ 180.00 ;C028;FP02;;;
V00420;2025-07-20;P069;200; R$ 1.20 ; R$ 240.00 ;C049;FP02;;;
V00421;2025-07-20;P069;150; R$ 1.20 ; R$ 180.00 ;C038;FP02;;;
V00422;2025-07-20;P070;50; R$ 1.20 ; R$ 60.00 ;C045;FP03;;;
V00423;2025-07-20;P070;150; R$ 1.20 ; R$ 180.00 ;C031;FP02;;;
V00424;2025-07-20;P070;100; R$ 1.20 ; R$ 120.00 ;C033;FP03;;;
V00425;2025-07-20;P071;150; R$ 1.20 ; R$ 180.00 ;C019;FP03;;;
V00426;2025-07-19;P001;100; R$ 0.80 ; R$ 80.00 ;C009;FP02;;;
V00427;2025-07-19;P001;50; R$ 0.80 ; R$ 40.00 ;C020;FP03;;;
V00428;2025-07-19;P001;50; R$ 0.80 ; R$ 40.00 ;C049;FP02;;;
V00429;2025-07-19;P001;25; R$ 0.80 ; R$ 20.00 ;C014;FP02;;;
V00430;2025-07-19;P002;50; R$ 0.80 ; R$ 40.00 ;C006;FP04;;;
V00431;2025-07-18;P002;100; R$ 0.80 ; R$ 80.00 ;C016;FP03;;;
V00432;2025-07-18;P003;125; R$ 0.80 ; R$ 100.00 ;C024;FP03;;;
V00433;2025-07-18;P003;50; R$ 0.80 ; R$ 40.00 ;C050;FP02;;;
V00434;2025-07-18;P003;50; R$ 0.80 ; R$ 40.00 ;C002;FP02;;;
V00435;2025-07-17;P003;125; R$ 0.80 ; R$ 100.00 ;C048;FP03;;;
V00436;2025-07-17;P003;50; R$ 0.80 ; R$ 40.00 ;C024;FP03;;;
V00437;2025-07-16;P002;100; R$ 0.80 ; R$ 80.00 ;C050;FP02;;;
V00438;2025-07-13;P003;50; R$ 0.80 ; R$ 40.00 ;C049;FP03;;;
V00439;2025-07-13;P003;25; R$ 0.80 ; R$ 20.00 ;C006;FP03;;;
V00440;2025-07-13;P004;50; R$ 0.80 ; R$ 40.00 ;C009;FP02;;;
V00441;2025-07-12;P006;75; R$ 0.80 ; R$ 60.00 ;C012;FP01;;;
V00442;2025-07-12;P007;75; R$ 0.80 ; R$ 60.00 ;C002;FP03;;;
V00443;2025-07-12;P007;100; R$ 0.80 ; R$ 80.00 ;C022;FP03;;;
V00444;2025-07-12;P007;100; R$ 0.80 ; R$ 80.00 ;C038;FP02;;;
V00445;2025-07-12;P008;125; R$ 0.80 ; R$ 100.00 ;C043;FP02;;;
V00446;2025-07-12;P008;75; R$ 0.80 ; R$ 60.00 ;C014;FP03;;;
V00447;2025-07-12;P008;125; R$ 0.80 ; R$ 100.00 ;C010;FP02;;;
V00448;2025-07-11;P015;25; R$ 0.80 ; R$ 20.00 ;C004;FP03;;;
V00449;2025-07-11;P015;125; R$ 0.80 ; R$ 100.00 ;C023;FP02;;;
V00450;2025-07-11;P015;25; R$ 0.80 ; R$ 20.00 ;C035;FP02;;;
V00451;2025-07-11;P016;25; R$ 0.80 ; R$ 20.00 ;C033;FP02;;;
V00452;2025-07-10;P014;50; R$ 0.80 ; R$ 40.00 ;C016;FP04;;;
V00453;2025-07-10;P014;125; R$ 0.80 ; R$ 100.00 ;C028;FP03;;;
V00454;2025-07-10;P014;75; R$ 0.80 ; R$ 60.00 ;C031;FP02;;;
V00455;2025-07-06;P033;75; R$ 0.70 ; R$ 52.50 ;C041;FP03;;;
V00456;2025-07-06;P033;75; R$ 0.70 ; R$ 52.50 ;C035;FP03;;;
V00457;2025-07-06;P034;100; R$ 0.70 ; R$ 70.00 ;C018;FP02;;;
V00458;2025-07-06;P034;75; R$ 0.70 ; R$ 52.50 ;C007;FP03;;;
V00459;2025-07-06;P034;75; R$ 0.70 ; R$ 52.50 ;C033;FP02;;;
V00460;2025-07-05;P035;100; R$ 0.70 ; R$ 70.00 ;C028;FP01;;;
V00461;2025-07-05;P038;200; R$ 1.15 ; R$ 230.00 ;C042;FP02;;;
V00462;2025-07-05;P038;250; R$ 1.15 ; R$ 287.50 ;C027;FP04;;;
V00463;2025-07-05;P039;250; R$ 1.20 ; R$ 300.00 ;C044;FP03;;;
V00464;2025-07-05;P039;200; R$ 1.20 ; R$ 240.00 ;C026;FP02;;;
V00465;2025-07-05;P039;150; R$ 1.20 ; R$ 180.00 ;C022;FP03;;;
V00466;2025-07-05;P039;50; R$ 1.20 ; R$ 60.00 ;C024;FP02;;;
V00467;2025-07-05;P040;200; R$ 1.20 ; R$ 240.00 ;C021;FP03;;;
V00468;2025-07-04;P040;50; R$ 1.20 ; R$ 60.00 ;C047;FP01;;;
V00469;2025-07-04;P059;100; R$ 1.00 ; R$ 100.00 ;C050;FP02;;;
V00470;2025-07-04;P059;250; R$ 1.00 ; R$ 250.00 ;C042;FP02;;;
V00471;2025-07-04;P060;200; R$ 1.00 ; R$ 200.00 ;C046;FP03;;;
V00472;2025-07-03;P006;75; R$ 0.80 ; R$ 60.00 ;C043;FP01;;;
V00473;2025-07-03;P007;75; R$ 0.80 ; R$ 60.00 ;C045;FP02;;;
;;;;;;;;;;
;;;;;;;;;;
;;;;;;;;;;
;;;;;;;;;;
;;;;;;;;;;
;;;;;;;;;;
;;;;;;;;;;
;;;;;;;;;;
;;;;;;;;;;
;;;;;;;;;;
;;;;;;;;;;
;;;;;;;;;;
